{"Scene1":{"GameObject_0_0":{"name":"Main Camera","active_go":true,"uid":4277009102,"parent_uid":1355249013,"Component_0":{"active_comp":true,"type":0,"TRANSFORM":[0.0,6.906527996063232,0.0,0.0,0.0,0.0,1.0,1.0,1.0,1.0]},"Component_1":{"active_comp":true,"type":3,"CAMERA":{"darw_fustrum":true,"aspect_ratio":1.7699999809265137,"far_plane":1000.0,"near_plane":0.5,"vertical_fov":80.0,"game_camera":true}},"Component_2":{"active_comp":true,"type":7,"CONTROLLER":{"speed":5.0,"shoot_force":3.0,"jump_force":0.5,"bullet_radius":10.0,"sensitivity":30.0}}},"GameObject_0_1":{"name":"Sphere (0)","active_go":true,"uid":4277009102,"parent_uid":1355249013,"Component_0":{"active_comp":true,"type":0,"TRANSFORM":[-7.4815263748168949,5.918295860290527,-16.200000762939454,0.0,0.0,0.0,1.0,1.0,1.0,1.0]},"Component_1":{"active_comp":true,"type":5,"COLLIDERSPHERE":{"PTRANSFORM":[-1.0,0.0,0.0,0.0,0.0,-1.0,0.0,0.0,0.0,0.0,-1.0,0.0,-7.4815263748168949,5.918295860290527,-16.200000762939454,1.0],"offsetx":0.0,"offsety":0.0,"offsetz":0.0,"radius_scale":1.0,"radius":1.0,"render":true}}},"GameObject_0_2":{"name":"Sphere (1)","active_go":true,"uid":4277009102,"parent_uid":1355249013,"Component_0":{"active_comp":true,"type":0,"TRANSFORM":[-1.8314647674560547,10.0,-16.200000762939454,0.0,0.0,0.0,1.0,1.0,1.0,1.0]},"Component_1":{"active_comp":true,"type":5,"COLLIDERSPHERE":{"PTRANSFORM":[-1.0,0.0,0.0,0.0,0.0,-1.0,0.0,0.0,0.0,0.0,-1.0,0.0,-1.8314647674560547,10.0,-16.200000762939454,1.0],"offsetx":0.0,"offsety":0.0,"offsetz":0.0,"radius_scale":1.0,"radius":1.0,"render":true}},"Component_2":{"active_comp":true,"type":4,"RIGIDBODY":{"mass":1.0,"use_gravity":true}}},"GameObject_0_3":{"name":"Cube (0)","active_go":true,"uid":4277009102,"parent_uid":1355249013,"Component_0":{"active_comp":true,"type":0,"TRANSFORM":[0.5159258842468262,4.240340232849121,-11.201650619506836,0.0,0.0,0.0,1.0,1.0,1.0,1.0]},"Component_1":{"active_comp":true,"type":6,"COLLIDERCUBE":{"PTRANSFORM":[1.0,0.0,0.0,0.0,0.0,1.0,0.0,0.0,0.0,0.0,1.0,0.0,0.5159258842468262,4.240340232849121,-11.201650619506836,1.0],"offsetx":0.0,"offsety":0.0,"offsetz":0.0,"dimensionx":5.0,"dimensiony":5.0,"dimensionz":5.0,"scalex":3.3299999237060549,"scaley":1.0,"scalez":2.640000104904175,"render":true}}},"GameObject_0_4":{"name":"Cube (1)","active_go":true,"uid":4277009102,"parent_uid":1355249013,"Component_0":{"active_comp":true,"type":0,"TRANSFORM":[2.9448235034942629,17.80400276184082,-15.244179725646973,0.0,0.0,0.0,1.0,1.0,1.0,1.0]},"Component_1":{"active_comp":true,"type":6,"COLLIDERCUBE":{"PTRANSFORM":[1.0,0.0,0.0,0.0,0.0,1.0,0.0,0.0,0.0,0.0,1.0,0.0,2.9448235034942629,17.80400276184082,-15.244179725646973,1.0],"offsetx":0.0,"offsety":0.0,"offsetz":0.0,"dimensionx":5.0,"dimensiony":5.0,"dimensionz":5.0,"scalex":1.0,"scaley":1.0,"scalez":1.0,"render":true}},"Component_2":{"active_comp":true,"type":4,"RIGIDBODY":{"mass":1.0,"use_gravity":true}}},"GameObject_1":{"name":"BakerHouse.fbx","active_go":true,"uid":1330651466,"parent_uid":1355249013,"Component_0":{"active_comp":true,"type":0,"TRANSFORM":[0.5358116626739502,25.853954315185548,-33.49583053588867,0.007142433896660805,0.0,0.0,0.9999744892120361,1.0,0.9999490976333618,0.9999490976333618]},"Component_1":{"active_comp":true,"type":6,"COLLIDERCUBE":{"PTRANSFORM":[1.0,0.0,0.0,0.0,0.0,0.9998470544815064,0.01428377628326416,0.0,0.0,-0.01428377628326416,0.9998470544815064,0.0,0.5358116626739502,27.053955078125,-33.49583053588867,1.0],"offsetx":0.0,"offsety":1.2000000476837159,"offsetz":0.0,"dimensionx":5.0,"dimensiony":5.0,"dimensionz":5.0,"scalex":2.0,"scaley":1.0,"scalez":1.5,"render":false}},"Component_2":{"active_comp":true,"type":4,"RIGIDBODY":{"mass":1.0,"use_gravity":false}}},"GameObject_1_0":{"name":"Chimney","active_go":true,"uid":1306320543,"parent_uid":1330651466,"Component_0":{"active_comp":true,"type":0,"TRANSFORM":[0.0,0.0,0.0,0.0,0.0,0.0,1.0,1.0,1.0,1.0]},"Component_1":{"active_comp":true,"type":2,"MATERIAL":{"path":"Assets/Textures/Baker_house.png","id":4,"heigh":1024,"width":1024}},"Component_2":{"active_comp":true,"type":1,"MESH":"Library/Models/BakerHouse/Chimney.lw"}},"GameObject_1_1":{"name":"Baker_house","active_go":true,"uid":3608800537,"parent_uid":1330651466,"Component_0":{"active_comp":true,"type":0,"TRANSFORM":[0.014161825180053711,-0.14834976196289063,0.033687591552734378,2.328435499965309e-10,0.0,0.0,1.0,1.0,1.0,0.9999445676803589]},"Component_1":{"active_comp":true,"type":2,"MATERIAL":{"path":"Assets/Textures/Baker_house.png","id":5,"heigh":1024,"width":1024}},"Component_2":{"active_comp":true,"type":1,"MESH":"Library/Models/BakerHouse/Baker_house.lw"}}}}