{"Scene1":{"GameObject_0_0":{"name":"Main Camera","active_go":true,"uid":4277009102,"parent_uid":1355249013,"Component_0":{"active_comp":true,"type":0,"TRANSFORM":[0.0,0.0,9.774227142333985,0.0,0.0,0.0,1.0,1.0,1.0,1.0]},"Component_1":{"active_comp":true,"type":3,"CAMERA":{"darw_fustrum":true,"aspect_ratio":1.7699999809265137,"far_plane":1000.0,"near_plane":0.5,"vertical_fov":80.0,"game_camera":true}}},"GameObject_1":{"name":"BakerHouse.fbx","active_go":true,"uid":4127032067,"parent_uid":1355249013,"Component_0":{"active_comp":true,"type":0,"TRANSFORM":[0.0,3.99495792388916,0.0,0.0,0.0,0.0,1.0,1.0,1.0,1.0]}},"GameObject_1_0":{"name":"Chimney","active_go":true,"uid":1306320543,"parent_uid":4127032067,"Component_0":{"active_comp":true,"type":0,"TRANSFORM":[1.8892775344170333e-8,-0.02942347526550293,0.03551454097032547,0.000001738703872433689,-5.731995173646753e-12,0.000003296705926914001,1.0,1.0,1.0,1.0]},"Component_1":{"active_comp":true,"type":2,"MATERIAL":{"path":"Assets/Textures/Baker_house.png","id":5,"heigh":1024,"width":1024}},"Component_2":{"active_comp":true,"type":1,"MESH":"Library/Models/BakerHouse/Chimney.lw"},"Component_3":{"active_comp":true,"type":6,"COLLIDERCUBE":{"PTRANSFORM":[1.0,0.000006593411853828002,2.2927980694587015e-11,0.0,-0.000006593411853828002,1.0,0.000003477407744867378,0.0,0.0,-0.000003477407744867378,1.0,0.0,1.9190175533294678,5.169032096862793,0.5000871419906616,1.0],"offsetx":0.0,"offsety":0.0,"offsetz":0.0,"render":false}},"Component_4":{"active_comp":true,"type":4,"RIGIDBODY":{"mass":1.0,"use_gravity":true}}},"GameObject_1_1":{"name":"Baker_house","active_go":true,"uid":3608800537,"parent_uid":4127032067,"Component_0":{"active_comp":true,"type":0,"TRANSFORM":[0.0,0.0,0.0,0.0,0.0,0.0,1.0,1.0,1.0,1.0]},"Component_1":{"active_comp":true,"type":2,"MATERIAL":{"path":"Assets/Textures/Baker_house.png","id":6,"heigh":1024,"width":1024}},"Component_2":{"active_comp":true,"type":1,"MESH":"Library/Models/BakerHouse/Baker_house.lw"}}}}