{"Scene1":{"GameObject_0_4":{"name":"Main Camera","active_go":true,"uid":4277009102,"parent_uid":1355249013,"Component_0":{"active_comp":true,"type":0,"TRANSFORM":[0.0,0.0,0.0,0.0,0.0,0.0,1.0,1.0,1.0,1.0]},"Component_1":{"active_comp":true,"type":3,"CAMERA":{"darw_fustrum":true,"aspect_ratio":1.7699999809265137,"far_plane":100.0,"near_plane":0.5,"vertical_fov":80.0,"game_camera":true}}},"GameObject_0_5":{"name":"Sphere (0)","active_go":true,"uid":4277009102,"parent_uid":1355249013,"Component_0":{"active_comp":true,"type":0,"TRANSFORM":[-48.37799835205078,26.742961883544923,-0.0000032941193239821588,0.0,0.0,0.0,1.0,1.0,1.0,1.0]},"Component_1":{"active_comp":true,"type":5,"COLLIDER":{"PTRANSFORM":[-1.0,0.0,0.0,0.0,0.0,-1.0,0.0,0.0,0.0,0.0,-1.0,0.0,-48.37799835205078,26.742961883544923,-0.0000032941193239821588,1.0],"render":false}}}}}