{"Scene1":{"GameObject_15_6":{"name":"Main Camera","active_go":true,"uid":4277009102,"parent_uid":1355249013,"Component_0":{"active_comp":true,"type":0,"TRANSFORM":[0.0,6.906527996063232,0.0,0.0,0.0,0.0,1.0,1.0,1.0,1.0]},"Component_1":{"active_comp":true,"type":3,"CAMERA":{"darw_fustrum":true,"aspect_ratio":1.7699999809265137,"far_plane":1000.0,"near_plane":0.5,"vertical_fov":80.0,"game_camera":true}},"Component_2":{"active_comp":true,"type":7,"CONTROLLER":{"speed":10.0,"shoot_force":0.5,"jump_force":3.0,"bullet_radius":30.0,"sensitivity":10.0}}},"GameObject_15_7":{"name":"Sphere (0)","active_go":true,"uid":4277009102,"parent_uid":1355249013,"Component_0":{"active_comp":true,"type":0,"TRANSFORM":[-3.052888870239258,5.918295860290527,-16.200000762939454,0.0,0.0,0.0,1.0,1.0,1.0,1.0]},"Component_1":{"active_comp":true,"type":5,"COLLIDERSPHERE":{"PTRANSFORM":[-1.0,0.0,0.0,0.0,0.0,-1.0,0.0,0.0,0.0,0.0,-1.0,0.0,-3.052888870239258,5.918295860290527,-16.200000762939454,1.0],"offsetx":0.0,"offsety":0.0,"offsetz":0.0,"radius_scale":1.0,"radius":1.0,"render":true}}},"GameObject_15_8":{"name":"Sphere (1)","active_go":true,"uid":4277009102,"parent_uid":1355249013,"Component_0":{"active_comp":true,"type":0,"TRANSFORM":[-1.8314647674560547,10.0,-16.200000762939454,0.0,0.0,0.0,1.0,1.0,1.0,1.0]},"Component_1":{"active_comp":true,"type":5,"COLLIDERSPHERE":{"PTRANSFORM":[-1.0,0.0,0.0,0.0,0.0,-1.0,0.0,0.0,0.0,0.0,-1.0,0.0,-1.8314647674560547,10.0,-16.200000762939454,1.0],"offsetx":0.0,"offsety":0.0,"offsetz":0.0,"radius_scale":1.0,"radius":1.0,"render":true}},"Component_2":{"active_comp":true,"type":4,"RIGIDBODY":{"mass":1.0,"use_gravity":true}}},"GameObject_15_9":{"name":"Cube (0)","active_go":true,"uid":4277009102,"parent_uid":1355249013,"Component_0":{"active_comp":true,"type":0,"TRANSFORM":[5.043526649475098,5.748710632324219,-16.937976837158204,0.0,0.0,0.0,1.0,1.0,1.0,1.0]},"Component_1":{"active_comp":true,"type":6,"COLLIDERCUBE":{"PTRANSFORM":[1.0,0.0,0.0,0.0,0.0,1.0,0.0,0.0,0.0,0.0,1.0,0.0,5.043526649475098,5.748710632324219,-16.937976837158204,1.0],"offsetx":0.0,"offsety":0.0,"offsetz":0.0,"dimensionx":5.0,"dimensiony":5.0,"dimensionz":5.0,"scalex":1.0,"scaley":1.0,"scalez":1.0,"render":true}}},"GameObject_15_10":{"name":"Cube (1)","active_go":true,"uid":4277009102,"parent_uid":1355249013,"Component_0":{"active_comp":true,"type":0,"TRANSFORM":[2.9448235034942629,11.072092056274414,-17.188396453857423,0.0,0.0,0.0,1.0,1.0,1.0,1.0]},"Component_1":{"active_comp":true,"type":6,"COLLIDERCUBE":{"PTRANSFORM":[1.0,0.0,0.0,0.0,0.0,1.0,0.0,0.0,0.0,0.0,1.0,0.0,2.9448235034942629,11.072092056274414,-17.188396453857423,1.0],"offsetx":0.0,"offsety":0.0,"offsetz":0.0,"dimensionx":5.0,"dimensiony":5.0,"dimensionz":5.0,"scalex":1.0,"scaley":1.0,"scalez":1.0,"render":true}},"Component_2":{"active_comp":true,"type":4,"RIGIDBODY":{"mass":1.0,"use_gravity":true}}},"GameObject_16":{"name":"BakerHouse.fbx","active_go":true,"uid":1330651466,"parent_uid":1355249013,"Component_0":{"active_comp":true,"type":0,"TRANSFORM":[-9.432223320007325,4.3231201171875,-18.851600646972658,0.0,0.0,0.0,1.0,1.0,1.0,1.0]},"Component_1":{"active_comp":true,"type":6,"COLLIDERCUBE":{"PTRANSFORM":[1.0,0.0,0.0,0.0,0.0,1.0,0.0,0.0,0.0,0.0,1.0,0.0,-9.432223320007325,4.3231201171875,-18.851600646972658,1.0],"offsetx":0.0,"offsety":0.0,"offsetz":0.0,"dimensionx":5.0,"dimensiony":5.0,"dimensionz":5.0,"scalex":1.0,"scaley":1.0,"scalez":1.0,"render":false}},"Component_2":{"active_comp":true,"type":4,"RIGIDBODY":{"mass":1.0,"use_gravity":true}}},"GameObject_17":{"name":"BakerHouse.fbx","active_go":true,"uid":2386311776,"parent_uid":1355249013,"Component_0":{"active_comp":true,"type":0,"TRANSFORM":[3.0740103721618654,0.0,-25.15690040588379,0.0,0.0,0.0,1.0,1.0,1.0,1.0]},"Component_1":{"active_comp":true,"type":6,"COLLIDERCUBE":{"PTRANSFORM":[1.0,0.0,0.0,0.0,0.0,1.0,0.0,0.0,0.0,0.0,1.0,0.0,3.0740103721618654,6.5,-25.15690040588379,1.0],"offsetx":0.0,"offsety":6.5,"offsetz":0.0,"dimensionx":5.0,"dimensiony":5.0,"dimensionz":5.0,"scalex":1.0,"scaley":1.0,"scalez":1.0,"render":false}},"Component_2":{"active_comp":true,"type":4,"RIGIDBODY":{"mass":1.0,"use_gravity":true}}},"GameObject_18":{"name":"BakerHouse.fbx","active_go":true,"uid":2483652719,"parent_uid":1355249013,"Component_0":{"active_comp":true,"type":0,"TRANSFORM":[-2.663391590118408,0.5141797065734863,-21.677860260009767,0.0,0.0,0.0,1.0,1.0,1.0,1.0]},"Component_1":{"active_comp":true,"type":6,"COLLIDERCUBE":{"PTRANSFORM":[1.0,0.0,0.0,0.0,0.0,1.0,0.0,0.0,0.0,0.0,1.0,0.0,-2.163391590118408,2.5141797065734865,-21.37786102294922,1.0],"offsetx":0.5,"offsety":2.0,"offsetz":0.30000001192092898,"dimensionx":5.0,"dimensiony":5.0,"dimensionz":5.0,"scalex":1.659999966621399,"scaley":1.3600000143051148,"scalez":1.4800000190734864,"render":false}},"Component_2":{"active_comp":true,"type":4,"RIGIDBODY":{"mass":1.0,"use_gravity":true}}},"GameObject_18_0":{"name":"Chimney","active_go":true,"uid":243157636,"parent_uid":1330651466,"Component_0":{"active_comp":true,"type":0,"TRANSFORM":[0.0,0.0,0.0,0.0,0.0,0.0,1.0,1.0,1.0,1.0]},"Component_1":{"active_comp":true,"type":2,"MATERIAL":{"path":"Assets/Textures/Baker_house.png","id":19,"heigh":1024,"width":1024}},"Component_2":{"active_comp":true,"type":1,"MESH":"Library/Models/BakerHouse/Chimney.lw"}},"GameObject_18_1":{"name":"Baker_house","active_go":true,"uid":3437635107,"parent_uid":1330651466,"Component_0":{"active_comp":true,"type":0,"TRANSFORM":[0.0,0.0,0.0,0.0,0.0,0.0,1.0,1.0,1.0,1.0]},"Component_1":{"active_comp":true,"type":2,"MATERIAL":{"path":"Assets/Textures/Baker_house.png","id":20,"heigh":1024,"width":1024}},"Component_2":{"active_comp":true,"type":1,"MESH":"Library/Models/BakerHouse/Baker_house.lw"}},"GameObject_18_2":{"name":"Chimney","active_go":true,"uid":2968962396,"parent_uid":2386311776,"Component_0":{"active_comp":true,"type":0,"TRANSFORM":[0.0,0.0,0.0,0.0,0.0,0.0,1.0,1.0,1.0,1.0]},"Component_1":{"active_comp":true,"type":2,"MATERIAL":{"path":"Assets/Textures/Baker_house.png","id":21,"heigh":1024,"width":1024}},"Component_2":{"active_comp":true,"type":1,"MESH":"Library/Models/BakerHouse/Chimney.lw"}},"GameObject_18_3":{"name":"Baker_house","active_go":true,"uid":727758042,"parent_uid":2386311776,"Component_0":{"active_comp":true,"type":0,"TRANSFORM":[0.0,0.0,0.0,0.0,0.0,0.0,1.0,1.0,1.0,1.0]},"Component_1":{"active_comp":true,"type":2,"MATERIAL":{"path":"Assets/Textures/Baker_house.png","id":22,"heigh":1024,"width":1024}},"Component_2":{"active_comp":true,"type":1,"MESH":"Library/Models/BakerHouse/Baker_house.lw"}},"GameObject_18_4":{"name":"Chimney","active_go":true,"uid":2965719667,"parent_uid":2483652719,"Component_0":{"active_comp":true,"type":0,"TRANSFORM":[0.0,0.0,0.0,0.0,0.0,0.0,1.0,1.0,1.0,1.0]},"Component_1":{"active_comp":true,"type":2,"MATERIAL":{"path":"Assets/Textures/Baker_house.png","id":23,"heigh":1024,"width":1024}},"Component_2":{"active_comp":true,"type":1,"MESH":"Library/Models/BakerHouse/Chimney.lw"}},"GameObject_18_5":{"name":"Baker_house","active_go":true,"uid":2436730512,"parent_uid":2483652719,"Component_0":{"active_comp":true,"type":0,"TRANSFORM":[0.0,0.0,0.0,0.0,0.0,0.0,1.0,1.0,1.0,1.0]},"Component_1":{"active_comp":true,"type":2,"MATERIAL":{"path":"Assets/Textures/Baker_house.png","id":24,"heigh":1024,"width":1024}},"Component_2":{"active_comp":true,"type":1,"MESH":"Library/Models/BakerHouse/Baker_house.lw"}}}}