{"Scene1":{"GameObject_0_0":{"name":"Main Camera","active_go":true,"uid":4277009102,"parent_uid":1355249013,"Component_0":{"active_comp":true,"type":0,"TRANSFORM":[0.0,0.0,0.0,0.0,0.0,0.0,1.0,1.0,1.0,1.0]},"Component_1":{"active_comp":true,"type":3,"CAMERA":{"darw_fustrum":true,"aspect_ratio":1.7699999809265137,"far_plane":100.0,"near_plane":0.5,"vertical_fov":80.0,"game_camera":true}}},"GameObject_1":{"name":"BakerHouse.fbx","active_go":true,"uid":1330651466,"parent_uid":1355249013,"Component_0":{"active_comp":true,"type":0,"TRANSFORM":[0.19442015886306764,14.01645565032959,-17.061437606811525,-0.0025012800469994547,0.04482630640268326,-0.0416715145111084,0.9981221556663513,1.0,0.9999985098838806,1.0]},"Component_1":{"active_comp":true,"type":6,"COLLIDERCUBE":{"PTRANSFORM":[0.9925081729888916,-0.08341064304113388,-0.0892757922410965,0.0,0.0829622745513916,0.9965129494667053,-0.008729126304388047,0.0,0.08969272673130036,0.0012572037521749735,0.9959686994552612,0.0,0.19442015886306764,14.01645565032959,-17.061437606811525,1.0],"render":true}},"Component_2":{"active_comp":true,"type":4,"RIGIDBODY":{"mass":1.0,"use_gravity":true}}},"GameObject_1_0":{"name":"Sphere (0)","active_go":true,"uid":4277009102,"parent_uid":1355249013,"Component_0":{"active_comp":true,"type":0,"TRANSFORM":[0.1425936222076416,4.475098609924316,-16.551115036010743,0.0,0.0,0.0,1.0,1.0,1.0,1.0]},"Component_1":{"active_comp":true,"type":5,"COLLIDERSPHERE":{"PTRANSFORM":[-1.0,0.0,0.0,0.0,0.0,-1.0,0.0,0.0,0.0,0.0,-1.0,0.0,0.1425936222076416,4.475098609924316,-16.551115036010743,1.0],"render":false}}},"GameObject_1_1":{"name":"Chimney","active_go":true,"uid":1306320543,"parent_uid":1330651466,"Component_0":{"active_comp":true,"type":0,"TRANSFORM":[0.0,0.0,0.0,0.0,0.0,0.0,1.0,1.0,1.0,1.0]},"Component_1":{"active_comp":true,"type":2,"MATERIAL":{"path":"Assets/Textures/Baker_house.png","id":5,"heigh":1024,"width":1024}},"Component_2":{"active_comp":true,"type":1,"MESH":"Library/Models/BakerHouse/Chimney.lw"}},"GameObject_1_2":{"name":"Baker_house","active_go":true,"uid":3608800537,"parent_uid":1330651466,"Component_0":{"active_comp":true,"type":0,"TRANSFORM":[0.0,0.0,0.0,0.0,0.0,0.0,1.0,1.0,1.0,1.0]},"Component_1":{"active_comp":true,"type":2,"MATERIAL":{"path":"Assets/Textures/Baker_house.png","id":6,"heigh":1024,"width":1024}},"Component_2":{"active_comp":true,"type":1,"MESH":"Library/Models/BakerHouse/Baker_house.lw"}}}}